filename,recommender,strategy,config,k,similarity,precision,recall,ndcg,epc,gini,aggregate_diversity
knn_user_5_no_filtering_k10_cosine.csv,knn_user,no_filtering,k10_cosine,10,cosine,0.12048192771084337,0.15110510966170446,0.18869577502087925,0.8940334915114435,0.6019924219847588,0.3409638554216867
knn_user_5_no_filtering_k10_pearson.csv,knn_user,no_filtering,k10_pearson,10,pearson,0.1108433734939759,0.1418349463014967,0.18329685804621954,0.8979441875202752,0.6399200039022488,0.29759036144578316
knn_user_5_no_filtering_k1_cosine.csv,knn_user,no_filtering,k1_cosine,1,cosine,0.08433734939759036,0.12143008122716428,0.11894623136768148,0.9210002187837133,0.5232884479092843,0.40963855421686746
knn_user_5_no_filtering_k1_pearson.csv,knn_user,no_filtering,k1_pearson,1,pearson,0.08072289156626507,0.1144019687773651,0.11361465266466368,0.9284994706440038,0.5516206762534008,0.37349397590361444
knn_user_5_no_filtering_k5_cosine.csv,knn_user,no_filtering,k5_cosine,5,cosine,0.12771084337349395,0.15989025022395345,0.2064515185244611,0.906927899450023,0.5441576958722465,0.4072289156626506
knn_user_5_no_filtering_k5_pearson.csv,knn_user,no_filtering,k5_pearson,5,pearson,0.11807228915662651,0.14670593401173618,0.19062338064461537,0.9100844203363234,0.5965324713488098,0.3457831325301205
