filename,recommender,strategy,config,k,similarity,precision,recall,ndcg,epc,gini,aggregate_diversity
knn_item_5_exclude_seen_k10_cosine.csv,knn_item,exclude_seen,k10_cosine,10,cosine,0.07276688453159043,0.004859015253437841,0.07119101107314425,0.9625775984955076,0.5278432554990939,0.32113289760348585
knn_item_5_exclude_seen_k10_pearson.csv,knn_item,exclude_seen,k10_pearson,10,pearson,0.12505446623093683,0.01187913302613288,0.12799702109317512,0.9016719919969872,0.4638028857699197,0.3281045751633987
knn_item_5_exclude_seen_k1_cosine.csv,knn_item,exclude_seen,k1_cosine,1,cosine,0.06884531590413943,0.007026981405352502,0.06901937987096594,0.9054692644113141,0.5290741069841833,0.28845315904139435
knn_item_5_exclude_seen_k1_pearson.csv,knn_item,exclude_seen,k1_pearson,1,pearson,0.0840958605664488,0.007480788718242646,0.08174030072650405,0.889798238135834,0.5269256612302242,0.2797385620915033
knn_item_5_exclude_seen_k5_cosine.csv,knn_item,exclude_seen,k5_cosine,5,cosine,0.08017429193899782,0.0065870588865186135,0.07628033784105755,0.9449520258203433,0.4076266629583276,0.4095860566448802
knn_item_5_exclude_seen_k5_pearson.csv,knn_item,exclude_seen,k5_pearson,5,pearson,0.11328976034858387,0.012187728572003769,0.11783311276621486,0.8959853247296327,0.4186921336967018,0.36470588235294116
