filename,recommender,strategy,config,k,similarity,precision,recall,ndcg,epc,gini,aggregate_diversity
knn_user_5_exclude_seen_k10_cosine.csv,knn_user,exclude_seen,k10_cosine,10,cosine,0.3546840958605665,0.06550946895527088,0.3843489958985783,0.7621524962052689,0.6340355586679116,0.09760348583877995
knn_user_5_exclude_seen_k10_pearson.csv,knn_user,exclude_seen,k10_pearson,10,pearson,0.34466230936819175,0.06317684492089705,0.3574238560001701,0.7259892292017549,0.673885821858409,0.08976034858387799
knn_user_5_exclude_seen_k1_cosine.csv,knn_user,exclude_seen,k1_cosine,1,cosine,0.3067538126361656,0.06092491204374455,0.3134930503352829,0.780147260978151,0.646261296335622,0.12069716775599129
knn_user_5_exclude_seen_k1_pearson.csv,knn_user,exclude_seen,k1_pearson,1,pearson,0.2570806100217865,0.04389228578274517,0.26438994507735697,0.7753329775411991,0.6143311546840957,0.13071895424836602
knn_user_5_exclude_seen_k5_cosine.csv,knn_user,exclude_seen,k5_cosine,5,cosine,0.3847494553376906,0.0682191730644799,0.4078959798262119,0.7608845824178616,0.6035615507038119,0.12287581699346405
knn_user_5_exclude_seen_k5_pearson.csv,knn_user,exclude_seen,k5_pearson,5,pearson,0.32941176470588235,0.05737395772320717,0.3436254097415794,0.7428334453847523,0.62020839963118,0.11633986928104575
